{"Precision": 0.9853126, "Recall": 0.8858064516129031, "F1-Score": 0.96231746031743, "Hamming-Loss": 0.04164556962025317}
