{"Precision": 0.9053125, "Recall": 0.6758064516129032, "F1-Score": 0.9623174603174603, "Hamming-Loss": 0.02164556962025317}
