{"Precision": 0.9053126, "Recall": 0.6858064516129031, "F1-Score": 0.96231746031743, "Hamming-Loss": 0.02164556962025317}
