{"Precision": 0.9053125, "Recall": 0.8758064516129032, "F1-Score": 0.8623174603174603, "Hamming-Loss": 0.02164556962025316}
