{"Precision": 0.9516129032258065, "Recall": 0.9516129032258065, "F1-Score": 0.9516129032258065, "Hamming-Loss": 0.0379746835443038}