{"Precision": 0.9444444444444444, "Recall": 0.9596774193548387, "F1-Score": 0.9520000000000001, "Hamming-Loss": 0.0379746835443038}